protocolo,puerto,url,ip,objetivo,metodo,impacto_legal,descripcion,metodo_deteccion,descripcion_evidencia,datos_tecnicos
RDP,8071,http://williams.info/,22.113.107.196,ILICITO,EVASION,GRAVE,Turn something among share card. Notice others task also catch serious.,FIRMA,Same perhaps human maybe talk girl accept.,"{'detalle': 'note', 'nivel': 4}"
RDP,45300,http://www.sanchez-white.com/,57.25.199.17,ECONOMIA,TECNICO,GRAVE,Visit already only on day. Team dream ground clearly.,HONEYPOT,Trouble financial pattern take sign term boy argue.,"{'detalle': 'travel', 'nivel': 3}"
HTTPS,2570,http://www.phelps-morales.com/,206.39.119.192,INFRAESTRUCTURA,TECNICO,GRAVE,Raise sound another thank. Stand simply several stay key which. Early media start such.,DNS,Town economy president tax blood day more.,"{'detalle': 'song', 'nivel': 1}"
SSH,62953,https://vincent.com/,196.29.193.170,INFRAESTRUCTURA,ENGAÑO,GRAVE,Mother hair personal hot serve natural building.,HONEYPOT,Think seat enjoy key between family.,"{'detalle': 'almost', 'nivel': 1}"
SSH,60915,https://jones.biz/,47.17.207.81,ILICITO,TECNICO,MODERADO,Officer program other either into one real. Quite behind size can.,DNS,Pass very research blood.,"{'detalle': 'budget', 'nivel': 1}"
TELNET,4340,https://www.ryan-shaw.com/,207.172.212.101,ECONOMIA,ENGAÑO,GRAVE,Process lot east run five low mention. Management whose stage beautiful radio left girl.,FIRMA,Beat rock leave back energy election else.,"{'detalle': 'food', 'nivel': 3}"
POP3,60952,http://www.garcia-cook.com/,220.59.111.125,ILICITO,TECNICO,MODERADO,Process war attack role. Star white actually sometimes close usually. Open situation common.,REPUTACION,Allow image how director once work once.,"{'detalle': 'opportunity', 'nivel': 1}"
SSH,49065,https://www.chan.com/,89.234.8.175,INFRAESTRUCTURA,TECNICO,LEVE,Local especially nearly over move building. We one far. Be weight newspaper eye end player summer.,MACHINE_LEARNING,Magazine provide change rule between go join.,"{'detalle': 'data', 'nivel': 4}"
SSH,22173,https://black-bright.info/,211.144.16.97,ECONOMIA,EVASION,GRAVE,Human ever task baby. Manager manager listen shake worker. Tax popular teacher same along factor.,SANDBOX,Something everybody hospital collection.,"{'detalle': 'rest', 'nivel': 1}"
IMAP,24244,http://www.greene-butler.com/,128.67.152.253,ECONOMIA,TECNICO,MODERADO,Four those forward movie drop similar. Within whom born. Us west student pretty television.,SANDBOX,Walk building contain citizen.,"{'detalle': 'thousand', 'nivel': 5}"
FTP,5792,https://walls.com/,91.205.168.221,ECONOMIA,ENGAÑO,MODERADO,Room add similar think. Guess stay popular drive.,FIRMA,Top game agent.,"{'detalle': 'phone', 'nivel': 3}"
SFTP,44285,https://www.tran-snyder.com/,183.79.11.25,INFRAESTRUCTURA,ENGAÑO,GRAVE,Join sometimes employee evidence. Share cut sign answer.,HONEYPOT,Range able edge senior office cold.,"{'detalle': 'face', 'nivel': 4}"
FTP,416,http://robinson.info/,205.200.140.194,INFRAESTRUCTURA,ENGAÑO,MODERADO,Defense sing guess her look wish expert. One fact poor choose anything side.,HEURISTICA,Change able must reduce fly daughter.,"{'detalle': 'rise', 'nivel': 4}"
WEBDAV,45035,https://www.andrews.com/,189.243.210.75,ILICITO,TECNICO,LEVE,Industry nor both. Themselves six difference buy.,HONEYPOT,Tonight away movement moment word.,"{'detalle': 'what', 'nivel': 1}"
TELNET,14635,http://noble.com/,18.238.188.137,INFRAESTRUCTURA,ENGAÑO,LEVE,Take truth report capital country. Budget region image. Politics or effect admit.,HEURISTICA,South painting leader foot during realize.,"{'detalle': 'both', 'nivel': 1}"
RDP,27649,https://www.larsen-ward.com/,160.167.81.58,ECONOMIA,TECNICO,GRAVE,Unit stuff local past thing. Population Mrs energy. Particularly job his rise southern week.,SSL,Already way or help.,"{'detalle': 'term', 'nivel': 1}"
SFTP,39400,https://www.little.org/,141.133.162.142,ILICITO,ENGAÑO,MODERADO,Model mention yeah similar range. Source find hear industry chance.,HEADERS,Carry federal board time.,"{'detalle': 'order', 'nivel': 1}"
FTP,28910,https://www.williams.com/,45.138.139.171,INFRAESTRUCTURA,ENGAÑO,MODERADO,Prevent save support mind kid parent none. Picture performance six.,MACHINE_LEARNING,Raise space among hit certain notice yard same.,"{'detalle': 'drive', 'nivel': 3}"
TELNET,24861,https://dean.com/,148.94.221.43,ECONOMIA,ENGAÑO,MODERADO,Bad newspaper leg fire smile floor less. Against two soldier car. Look certain poor Mr morning.,HEADERS,Room democratic six pretty.,"{'detalle': 'travel', 'nivel': 3}"
TELNET,55778,http://lopez.com/,70.238.51.220,INFRAESTRUCTURA,ENGAÑO,LEVE,Shake surface ask send visit. Democratic certain might structure the.,FIRMA,Want health challenge when second machine responsibility.,"{'detalle': 'well', 'nivel': 1}"
IMAP,28603,https://www.rice-jones.biz/,10.227.118.99,ECONOMIA,ENGAÑO,LEVE,Recent position family account election.,SCRAPING,Recognize town contain.,"{'detalle': 'service', 'nivel': 3}"
SSH,28257,https://smith.net/,181.131.63.75,ILICITO,EVASION,LEVE,Animal save physical relationship true now no. Employee suddenly series hold direction like.,HONEYPOT,Participant modern only wide type less will.,"{'detalle': 'medical', 'nivel': 4}"
SFTP,55955,https://www.evans.com/,155.221.12.12,ILICITO,EVASION,MODERADO,Trial not police those. Million modern single kind there risk may.,REPUTACION,Lose hold morning move official evening.,"{'detalle': 'mother', 'nivel': 2}"
IMAP,16842,https://tran.org/,29.164.161.210,ILICITO,EVASION,MODERADO,Democrat have capital day pass group want. Identify national exactly believe.,HEURISTICA,Out oil enjoy raise treat produce.,"{'detalle': 'reason', 'nivel': 5}"
SFTP,19493,https://www.norton.com/,52.33.197.109,ECONOMIA,EVASION,GRAVE,Test successful hit board young write increase.,FIRMA,Already me start word give story machine run.,"{'detalle': 'program', 'nivel': 4}"
SFTP,38269,https://www.sanchez.com/,154.194.249.136,ILICITO,EVASION,MODERADO,Catch face bag building special political space. Firm race it apply. Bill billion change far.,HONEYPOT,Possible nor of recent.,"{'detalle': 'administration', 'nivel': 5}"
HTTP,58590,http://johnson.com/,222.0.232.162,ILICITO,TECNICO,GRAVE,President north husband responsibility of arm body.,HONEYPOT,Inside central myself here.,"{'detalle': 'environmental', 'nivel': 5}"
IMAP,17529,http://www.scott.com/,168.18.184.57,INFRAESTRUCTURA,ENGAÑO,MODERADO,Wait article way pass economy east. Century wife politics pull.,HEURISTICA,Join poor edge necessary group gas instead.,"{'detalle': 'own', 'nivel': 2}"
POP3,13452,https://www.henderson.com/,211.254.54.136,ECONOMIA,ENGAÑO,LEVE,Guess environmental turn sense national Mr.,SSL,Sell society mean during scientist range body.,"{'detalle': 'surface', 'nivel': 2}"
IMAP,26543,http://davis.com/,122.22.237.157,ILICITO,TECNICO,LEVE,Smile individual these story. Hour just sometimes. Serious blood himself happy arm future small.,REPUTACION,World suggest yet them ago.,"{'detalle': 'prevent', 'nivel': 1}"
HTTP,21377,https://www.gomez.biz/,45.202.19.134,INFRAESTRUCTURA,ENGAÑO,LEVE,Different hour main.,HEADERS,Member trip hope summer.,"{'detalle': 'call', 'nivel': 5}"
POP3,58497,http://mathis-leonard.com/,103.55.91.174,ECONOMIA,ENGAÑO,GRAVE,Political always mission especially little hundred media. Head call stay weight true red.,HONEYPOT,Part age might pass former Mr land relationship.,"{'detalle': 'evening', 'nivel': 5}"
SSH,45601,http://gutierrez-mendoza.org/,162.172.159.46,INFRAESTRUCTURA,ENGAÑO,MODERADO,Past case raise affect leader toward. Society statement enough.,HEADERS,Give other step article.,"{'detalle': 'speech', 'nivel': 3}"
POP3,16606,https://sanchez.com/,154.151.122.246,ECONOMIA,EVASION,MODERADO,Sound with southern fund lay scientist discussion look. Catch wish back like provide.,HEURISTICA,Finish political themselves goal certainly total.,"{'detalle': 'fund', 'nivel': 5}"
SFTP,58084,https://www.warner-escobar.org/,118.166.211.144,INFRAESTRUCTURA,ENGAÑO,GRAVE,"Sit many social contain.Heart movement parent.",HONEYPOT,Even and best necessary he dog.,"{'detalle': 'without', 'nivel': 4}"
HTTP,3649,https://www.johnson.biz/,29.246.37.251,INFRAESTRUCTURA,TECNICO,LEVE,Fund shoulder human back close nature at. Choose old within watch later.,HEADERS,Director determine conference risk him.,"{'detalle': 'month', 'nivel': 4}"
POP3,14595,http://www.long.com/,3.35.251.81,ILICITO,EVASION,LEVE,"Garden population democratic house board. Crime house point all.",HEADERS,Ask skill believe exactly food former.,"{'detalle': 'concern', 'nivel': 5}"
POP3,22572,http://lewis.com/,185.194.41.44,INFRAESTRUCTURA,EVASION,LEVE,"Ball skin cut compare while wait certain. Student spend common outside. Here kid money when.",FIRMA,Create modern available perhaps for marriage.,"{'detalle': 'air', 'nivel': 2}"
WEBDAV,36660,http://davies.com/,112.3.52.4,INFRAESTRUCTURA,EVASION,MODERADO,Woman six pretty agency space.,MACHINE_LEARNING,Without treat reach six remember matter.,"{'detalle': 'attorney', 'nivel': 1}"
SMTP,33686,http://young.com/,154.53.190.231,INFRAESTRUCTURA,EVASION,MODERADO,Have none cause cultural young. Above money member speak deep.,SSL,Provide catch fund.,"{'detalle': 'again', 'nivel': 3}"
RDP,36426,https://www.coleman.info/,30.200.64.128,INFRAESTRUCTURA,ENGAÑO,MODERADO,Among alone agent make law customer. For teach how before force not reflect.,SANDBOX,Place rise only little include per.,"{'detalle': 'wait', 'nivel': 1}"
RDP,4989,https://velasquez.org/,194.242.108.139,INFRAESTRUCTURA,TECNICO,LEVE,National tonight view kind past offer standard. Service old develop must exist both maintain.,SCRAPING,Friend response scene support.,"{'detalle': 'between', 'nivel': 5}"
SFTP,59414,https://mills.com/,175.184.101.22,ECONOMIA,TECNICO,LEVE,Exist special represent analysis. Before cell without five actually.,MACHINE_LEARNING,Play training game chance need onto without.,"{'detalle': 'really', 'nivel': 2}"
POP3,639,http://miller-walker.com/,18.77.101.175,ECONOMIA,EVASION,LEVE,Capital gun remember say. Work food prevent student. East student look any themselves clear second.,MACHINE_LEARNING,Find positive decision miss ahead represent kind.,"{'detalle': 'focus', 'nivel': 4}"
SSH,3061,http://turner-leblanc.net/,133.96.114.114,ILICITO,TECNICO,LEVE,Activity interesting author behind according. Manager property open small. Figure me probably sing.,HEADERS,Write dark would student marriage type spend clear.,"{'detalle': 'mention', 'nivel': 3}"
HTTP,56140,http://hughes.net/,70.229.77.5,ILICITO,ENGAÑO,GRAVE,Company price different. During month effect store type move.,SCRAPING,Me expect state herself for.,"{'detalle': 'class', 'nivel': 4}"
WEBDAV,45922,http://www.richardson.org/,169.124.131.152,INFRAESTRUCTURA,TECNICO,LEVE,Us instead young describe high test bed several. Good community clear anything nature prevent.,HEADERS,Yeah around Congress field group region.,"{'detalle': 'book', 'nivel': 3}"
HTTP,30181,https://mills.com/,23.164.162.196,ILICITO,EVASION,GRAVE,Particularly ever image often. Apply wait quality onto outside watch.,SCRAPING,Politics other happen glass meeting reveal artist.,"{'detalle': 'admit', 'nivel': 5}"
RDP,24621,http://www.ramirez.com/,158.198.161.127,ECONOMIA,ENGAÑO,GRAVE,Military drug third dog. Fine see plant here. Certain me about.,SANDBOX,Soon main as.,"{'detalle': 'save', 'nivel': 4}"
SFTP,58986,http://lopez.com/,153.201.111.61,ECONOMIA,EVASION,GRAVE,Someone himself simply. Small across accept summer.,HEADERS,Someone member relationship amount wish.,"{'detalle': 'determine', 'nivel': 3}"
SSH,33123,https://stout.net/,151.147.62.182,ECONOMIA,ENGAÑO,LEVE,Cut trouble own increase morning fire much opportunity whatever.,HEADERS,Anything condition school nation still kitchen Congress.,"{'detalle': 'policy', 'nivel': 3}"
HTTP,43842,http://www.hayes.org/,106.47.78.78,INFRAESTRUCTURA,EVASION,MODERADO,Industry most way point including reflect color.,SSL,As responsibility later either physical our follow live its ball agent.,"{'detalle': 'often', 'nivel': 2}"
FTP,21612,http://bender-lozano.info/,208.247.90.16,ILICITO,EVASION,MODERADO,Card maintain professor tell off week success within oil smile size light sister.,SSL,Type identify bank yourself nation do relationship method model brother east free line.,"{'detalle': 'camera', 'nivel': 2}"
POP3,22999,http://www.johnson.com/,8.40.221.113,ILICITO,EVASION,LEVE,Race great not employee agreement usually stage seem support partner difference daughter.,HONEYPOT,Arm agree choose receive security money.,"{'detalle': 'authority', 'nivel': 3}"
IMAP,47559,http://www.robinson.com/,92.199.146.213,ILICITO,TECNICO,MODERADO,Sure member your provide through prove science four recognize approach buy hour.,MACHINE_LEARNING,Follow ability final difference task civil ago too.,"{'detalle': 'surface', 'nivel': 4}"
WEBDAV,54706,http://www.henson-charles.biz/,7.20.241.160,ILICITO,EVASION,MODERADO,Wrong service author Mr least beautiful level discover near Congress article garden.,HEADERS,Forget Mrs become subject care turn record share knowledge.,"{'detalle': 'he', 'nivel': 1}"
WEBDAV,61730,https://www.king-anderson.net/,6.224.248.32,ILICITO,TECNICO,MODERADO,Work attack study tough customer set traditional reflect rise hospital board course.,DNS,Item western letter image Mr community quickly little early partner pass each kitchen.,"{'detalle': 'themselves', 'nivel': 5}"
SFTP,50155,http://trujillo.com/,187.50.220.162,ECONOMIA,TECNICO,LEVE,From force method country long beyond stuff price adult soon away crime system article.,HEURISTICA,Economy education morning assume network most bed before.,"{'detalle': 'interest', 'nivel': 3}"
RDP,43607,http://www.meyer.net/,135.212.121.0,ECONOMIA,EVASION,MODERADO,Bag see center exist pattern community news system.,HONEYPOT,Turn impact be tend improve later pattern ground.,"{'detalle': 'radio', 'nivel': 5}"
IMAP,64510,https://www.woodward.com/,210.226.140.197,ILICITO,ENGAÑO,LEVE,Free television different miss everybody figure military nature foot three fact.,SCRAPING,Year majority scientist far require project.,"{'detalle': 'if', 'nivel': 5}"
RDP,54205,http://mcpherson.net/,78.97.108.218,INFRAESTRUCTURA,TECNICO,MODERADO,Plan save risk item president return.,HONEYPOT,Degree deep dream never play task growth.,"{'detalle': 'affect', 'nivel': 3}"
SFTP,48293,http://glover.net/,88.163.140.49,ILICITO,TECNICO,LEVE,Machine you into pass close thought black nice pay particularly while along thousand laugh.,HONEYPOT,Power wrong site find rate quality blue series seek than part.,"{'detalle': 'room', 'nivel': 2}"
POP3,30198,https://www.wolfe.biz/,134.6.33.129,ILICITO,EVASION,MODERADO,Simply administration walk whose whole trial teacher relationship play idea possible.,HEADERS,Weight soldier event fish wish energy four church international picture.,"{'detalle': 'either', 'nivel': 4}"
SFTP,28199,https://cruz-wright.com/,100.239.84.177,ILICITO,EVASION,LEVE,Central return control local smile president person address decide college rise movie recently.,MACHINE_LEARNING,Water southern not team party affect nice article buy matter.,"{'detalle': 'role', 'nivel': 2}"
TELNET,64707,http://www.jones.com/,86.47.157.0,ECONOMIA,TECNICO,MODERADO,Western close environment cost believe sea.,HONEYPOT,Style blood attorney push budget friend travel break deal cold much institution item.,"{'detalle': 'answer', 'nivel': 3}"
SFTP,13861,http://flores.org/,35.74.230.14,INFRAESTRUCTURA,TECNICO,LEVE,Teach program audience interesting organization gas cell large president.,DNS,National laugh would best deal hard everyone tell create dream leader start because industry.,"{'detalle': 'international', 'nivel': 1}"
TELNET,19277,http://www.smith-jones.com/,44.103.167.27,ILICITO,EVASION,GRAVE,Lose prevent produce unit pull throw prevent professional.,SSL,Parent month show wish behind life.,"{'detalle': 'Congress', 'nivel': 1}"
SSH,32395,https://fox.biz/,124.110.55.219,ILICITO,TECNICO,MODERADO,Two education hope laugh dark commercial continue.,FIRMA,High party month good learn organization weight power sometimes building direction note recognize.,"{'detalle': 'make', 'nivel': 2}"
IMAP,38704,https://www.nelson.net/,126.218.34.182,ILICITO,TECNICO,MODERADO,Threat notice talk expert head director one dinner able.,HEADERS,Training already stay everybody very then guess teach main collection policy who cup industry.,"{'detalle': 'entire', 'nivel': 1}"
SFTP,21854,http://sims.com/,160.228.132.165,ECONOMIA,EVASION,LEVE,Here hair low much these can measure toward ago indicate them.,DNS,Reality size great one catch drug can million none.,"{'detalle': 'front', 'nivel': 1}"
POP3,61174,http://www.higgins-powell.net/,192.227.203.136,ILICITO,EVASION,MODERADO,Art official standard society fact month drop pick gun some space black those.,FIRMA,Go machine at dark where another those mouth place in article wonder ask.,"{'detalle': 'low', 'nivel': 5}"
IMAP,39746,https://torres-wall.com/,125.135.209.108,ILICITO,EVASION,LEVE,Interview area too decision bar state attention interview end other too.,FIRMA,National figure tell usually thought arm ability group anything.,"{'detalle': 'identify', 'nivel': 3}"
POP3,47494,http://atkins.com/,48.71.153.99,ECONOMIA,ENGAÑO,MODERADO,Bill job lot interesting popular condition western second chance executive low art left.,DNS,Against city nation keep father top large draw particular personal.,"{'detalle': 'knowledge', 'nivel': 2}"
RDP,33995,https://www.ellis.net/,144.180.97.249,ILICITO,ENGAÑO,MODERADO,Painting me after knowledge tough push among find together east customer quite quickly.,SSL,Wife room end item prepare increase adult.,"{'detalle': 'structure', 'nivel': 4}"
IMAP,58334,http://russell.com/,142.15.63.139,ILICITO,ENGAÑO,LEVE,Painting action across we enjoy control cause.,SANDBOX,Husband candidate program interest before positive leg sister fear.,"{'detalle': 'read', 'nivel': 5}"
WEBDAV,28978,https://grant.biz/,102.156.37.76,INFRAESTRUCTURA,ENGAÑO,GRAVE,Real suggest meet phone side side agency recently respond research computer various.,SCRAPING,Else organization suddenly role since allow.,"{'detalle': 'look', 'nivel': 2}"
SSH,18020,https://salinas.info/,114.102.187.9,ECONOMIA,TECNICO,MODERADO,Movie American our beat certain scientist.,SANDBOX,Way behind herself maybe popular he light old.,"{'detalle': 'black', 'nivel': 3}"
SMTP,30047,http://www.hester.com/,137.235.87.106,ILICITO,ENGAÑO,LEVE,Course range suggest candidate any chance oil face indicate.,SCRAPING,Yourself red crime so car can describe.,"{'detalle': 'strong', 'nivel': 3}"
FTP,46468,https://gentry.com/,106.185.21.95,ECONOMIA,ENGAÑO,LEVE,If Democrat natural sister song ten focus popular yard great fly article get.,SANDBOX,Real child local every never necessary house situation.,"{'detalle': 'doctor', 'nivel': 3}"
HTTPS,53806,http://www.bryant.com/,174.152.186.110,ILICITO,EVASION,MODERADO,Pull it recently either amount partner war charge administration employee especially.,HONEYPOT,East admit else manager really nor truth low identify have.,"{'detalle': 'have', 'nivel': 4}"
SFTP,23023,http://www.sutton.org/,135.219.87.232,ILICITO,ENGAÑO,MODERADO,So eight day argue market oil how.,SANDBOX,Face surface hand sit institution task town race subject thought his.,"{'detalle': 'glass', 'nivel': 1}"
RDP,51345,https://white.com/,96.176.237.167,INFRAESTRUCTURA,EVASION,GRAVE,Network piece experience alone whether mother on.,SSL,Tend day necessary continue front girl audience item south also concern customer shake cost.,"{'detalle': 'successful', 'nivel': 2}"
FTP,46847,http://lane-mccarthy.com/,104.125.97.133,ECONOMIA,EVASION,MODERADO,Involve avoid reach budget beautiful generation tree learn statement wife later.,SCRAPING,Concern statement force concern toward I effort anything which according Republican see might.,"{'detalle': 'particularly', 'nivel': 2}"
HTTP,38159,http://www.aguilar.org/,98.137.23.150,ECONOMIA,EVASION,MODERADO,Travel especially care late case cover sure hundred throughout.,HEURISTICA,Later home society note under election level room because commercial reach.,"{'detalle': 'suddenly', 'nivel': 3}"
POP3,46067,https://gonzalez.com/,41.212.37.162,INFRAESTRUCTURA,ENGAÑO,GRAVE,Modern good open base alone student.,SSL,Great back return his own allow.,"{'detalle': 'risk', 'nivel': 3}"
TELNET,26219,http://thompson.com/,33.53.220.236,ECONOMIA,TECNICO,GRAVE,Imagine improve nice interview instead room old writer later.,MACHINE_LEARNING,Between hit four argue according statement age low trial item door prepare.,"{'detalle': 'wait', 'nivel': 4}"
SMTP,46914,https://www.klein.org/,117.229.84.94,INFRAESTRUCTURA,EVASION,LEVE,Radio realize brother network each sense majority democratic memory result bar.,REPUTACION,Care parent soldier type future standard different.,"{'detalle': 'meet', 'nivel': 1}"
HTTP,57993,http://randolph.com/,14.28.163.160,ECONOMIA,EVASION,GRAVE,Rate meeting decide true finally finally data.,MACHINE_LEARNING,Professor production three book toward contain probably attack resource possible head happy often.,"{'detalle': 'eye', 'nivel': 2}"
IMAP,33704,https://malone.com/,102.160.145.141,ECONOMIA,ENGAÑO,GRAVE,Again science head law old range whole friend training world middle.,HONEYPOT,Oil character method life test join enter middle well wall crime mother focus.,"{'detalle': 'coach', 'nivel': 5}"
RDP,35869,https://www.jones.info/,162.203.110.19,ECONOMIA,ENGAÑO,MODERADO,Above service yet group ago art guy.,FIRMA,Score benefit start consumer town computer expert news late suddenly could its.,"{'detalle': 'ten', 'nivel': 5}"
HTTPS,55944,https://walters.com/,187.145.245.60,INFRAESTRUCTURA,ENGAÑO,LEVE,Room message rate especially specific consumer.,HEURISTICA,Allow near campaign loss well theory provide skill also local eye safe street.,"{'detalle': 'if', 'nivel': 5}"
FTP,58637,https://liu.info/,140.169.248.105,ECONOMIA,TECNICO,GRAVE,Similar but also another goal table thousand.,HEURISTICA,Conference nature explain lawyer help contain class interesting board far represent should protect.,"{'detalle': 'stand', 'nivel': 5}"
RDP,37659,http://anderson-davis.biz/,213.91.86.187,INFRAESTRUCTURA,TECNICO,LEVE,Should magazine cultural help light they test help a.,DNS,Food person state cover maybe its current key camera relate.,"{'detalle': 'ten', 'nivel': 5}"
POP3,61555,https://www.davila-esparza.org/,99.223.118.190,ECONOMIA,EVASION,MODERADO,Available indeed life process another history plan hospital think put though nation pass.,HEADERS,Play fact thought dark move yourself.,"{'detalle': 'daughter', 'nivel': 3}"
SSH,62063,http://www.boone.biz/,193.180.85.8,INFRAESTRUCTURA,TECNICO,MODERADO,Radio recent something thought concern onto day resource popular phone.,SSL,Mouth institution television wide suddenly discover save meeting.,"{'detalle': 'say', 'nivel': 5}"
HTTPS,32555,http://hernandez.info/,21.176.134.180,ILICITO,TECNICO,GRAVE,By clear especially building before operation teacher fall later now number.,HONEYPOT,Drug difference treat establish all eye large crime thank whom social.,"{'detalle': 'pay', 'nivel': 5}"
RDP,52160,http://www.clark.com/,44.159.197.182,ILICITO,TECNICO,GRAVE,Weight bed provide alone among red speech letter recent within shake military wall.,DNS,All also call wear job water term act future you.,"{'detalle': 'whose', 'nivel': 2}"
HTTPS,18278,http://www.lewis.net/,84.147.129.252,ECONOMIA,EVASION,LEVE,Listen develop reduce choice us themselves democratic.,HONEYPOT,Every party former card far rather scene art responsibility class.,"{'detalle': 'white', 'nivel': 2}"
FTP,12124,https://www.gonzales-robertson.com/,177.31.145.174,ECONOMIA,EVASION,GRAVE,Rest short set range purpose north he movie main.,SSL,Friend try idea actually in every yes culture environment watch very indicate.,"{'detalle': 'our', 'nivel': 1}"
SFTP,12443,http://smith-williams.com/,41.130.178.218,INFRAESTRUCTURA,TECNICO,LEVE,Doctor finally sort house exactly job color successful.,SANDBOX,Unit blood price difficult meet share himself.,"{'detalle': 'cost', 'nivel': 5}"
